country,country_code,geo_id_final,region,subnational_cases_7,subnational_cases_14,subnational_population,subnational_rate_14,national_cases_7,national_population,national_testing_rate,national_positivity_rate,subnational_testing_data,positivity_rate_combined,testing_rate_combined,colour,week
Austria,AT,AT11,Burgenland,378,822,293433,280.132091482553,15133,8858775,1546.88430398108,11.0431641551428,TRUE,11.1735146319834,1152.90372930107,Red,2021-01
Austria,AT,AT12,Niederosterreich,2405,5254,1677542,313.196331299008,15133,8858775,1546.88430398108,11.0431641551428,TRUE,5.56493972279427,2576.20971635882,Red,2021-01
Austria,AT,AT13,Wien,2542,5018,1897491,264.454482261049,15133,8858775,1546.88430398108,11.0431641551428,TRUE,8.56786544878493,1563.59107895637,Red,2021-01
Austria,AT,AT21,Karnten,1022,2033,560939,362.428000192534,15133,8858775,1546.88430398108,11.0431641551428,TRUE,19.779369072963,921.13402705107,Red,2021-01
Austria,AT,AT22,Steiermark,1704,3725,1243052,299.665661613513,15133,8858775,1546.88430398108,11.0431641551428,TRUE,12.2943722943723,1114.99760267471,Red,2021-01
Austria,AT,AT31,Oberosterreich,2063,4380,1482095,295.527614626593,15133,8858775,1546.88430398108,11.0431641551428,TRUE,16.3005689001264,853.926367742959,Red,2021-01
Austria,AT,AT32,Salzburg,1599,3607,555221,649.651219964663,15133,8858775,1546.88430398108,11.0431641551428,TRUE,19.0879789900919,1508.76858043914,Red,2021-01
Austria,AT,AT33,Tirol,937,2595,754705,343.842958506966,15133,8858775,1546.88430398108,11.0431641551428,TRUE,8.24896557795581,1505.09139332587,Red,2021-01
Austria,AT,AT34,Vorarlberg,594,1442,394297,365.714169775575,15133,8858775,1546.88430398108,11.0431641551428,TRUE,6.35498020755323,2370.5480893844,Red,2021-01
Belgium,BE,BE1,Region De Bruxelles-Capitale/brussels Hoofdstedelijk Gewest,1760,2702,1215290,222.333763957574,14417,11455519,2651.85715287103,4.7458062307429,FALSE,4.7458062307429,2651.85715287103,Red,2021-01
Belgium,BE,BE2,Vlaams Gewest,8105,14896,6596233,225.825861518233,14417,11455519,2651.85715287103,4.7458062307429,FALSE,4.7458062307429,2651.85715287103,Red,2021-01
Belgium,BE,BE3,Region Wallonne,4076,7260,3643996,199.23183230717,14417,11455519,2651.85715287103,4.7458062307429,FALSE,4.7458062307429,2651.85715287103,Red,2021-01
Bulgaria,BG,BG31,Severozapaden,600,1375,742304,185.234081993361,5460,7000039,532.854174098173,14.6380697050938,FALSE,14.6380697050938,532.854174098173,Red,2021-01
Bulgaria,BG,BG32,Severen Tsentralen,459,1077,784168,137.343018332806,5460,7000039,532.854174098173,14.6380697050938,FALSE,14.6380697050938,532.854174098173,Red,2021-01
Bulgaria,BG,BG33,Severoiztochen,709,1706,929035,183.631402476764,5460,7000039,532.854174098173,14.6380697050938,FALSE,14.6380697050938,532.854174098173,Red,2021-01
Bulgaria,BG,BG34,Yugoiztochen,834,1748,1032079,169.366879860941,5460,7000039,532.854174098173,14.6380697050938,FALSE,14.6380697050938,532.854174098173,Red,2021-01
Bulgaria,BG,BG41,Yugozapaden,1566,3315,2102205,157.691566712095,5460,7000039,532.854174098173,14.6380697050938,FALSE,14.6380697050938,532.854174098173,Red,2021-01
Bulgaria,BG,BG42,Yuzhen Tsentralen,883,1857,1410248,131.678967103658,5460,7000039,532.854174098173,14.6380697050938,FALSE,14.6380697050938,532.854174098173,Red,2021-01
Croatia,HR,HR03,Jadranska Hrvatska,2529,4854,1374071,353.25685499512,7265,4076246,1084.87073645702,16.4284745149473,TRUE,16.8870192307692,1089.90001244477,Red,2021-01
Croatia,HR,HR04,Kontinentalna Hrvatska,5134,9532,2702175,352.752874998844,7265,4076246,1084.87073645702,16.4284745149473,TRUE,17.5545373726322,1082.31332167606,Red,2021-01
Cyprus,CY,CY0,Kypros,2999,7981,875899,911.178115284982,3376,875899,8957.08295134485,4.30310369001338,FALSE,4.30310369001338,8957.08295134485,Red,2021-01
Czechia,CZ,CZ01,Praha,8579,17280,1308632,1320.46289560396,88740,10649800,3906.0921331856,21.3321922830061,FALSE,21.3321922830061,3906.0921331856,Red,2021-01
Czechia,CZ,CZ02,Stredni Cechy,10975,21340,1369332,1558.42410752104,88740,10649800,3906.0921331856,21.3321922830061,FALSE,21.3321922830061,3906.0921331856,Red,2021-01
Czechia,CZ,CZ03,Jihozapad,7930,14252,1226805,1161.7168172611,88740,10649800,3906.0921331856,21.3321922830061,FALSE,21.3321922830061,3906.0921331856,Red,2021-01
Czechia,CZ,CZ04,Severozapad,7601,14121,1115685,1265.67982898399,88740,10649800,3906.0921331856,21.3321922830061,FALSE,21.3321922830061,3906.0921331856,Red,2021-01
Czechia,CZ,CZ05,Severovychod,15922,28896,1513693,1908.97361618241,88740,10649800,3906.0921331856,21.3321922830061,FALSE,21.3321922830061,3906.0921331856,Red,2021-01
Czechia,CZ,CZ06,Jihovychod,12141,21883,1696941,1289.55573588003,88740,10649800,3906.0921331856,21.3321922830061,FALSE,21.3321922830061,3906.0921331856,Red,2021-01
Czechia,CZ,CZ07,Stredni Morava,9921,18685,1215413,1537.33751407958,88740,10649800,3906.0921331856,21.3321922830061,FALSE,21.3321922830061,3906.0921331856,Red,2021-01
Czechia,CZ,CZ08,Moravskoslezsko,12031,23038,1203299,1914.56986168857,88740,10649800,3906.0921331856,21.3321922830061,FALSE,21.3321922830061,3906.0921331856,Red,2021-01
Denmark,DK,DK01,Hovedstaden,4491,10495,1835562,571.759493822601,14014,5806081,9755.35821839206,2.47420569063778,TRUE,2.39180682338656,10229.3466524149,Red,2021-01
Denmark,DK,DK02,Sjaelland,1830,4086,836738,488.32489978942,14014,5806081,9755.35821839206,2.47420569063778,TRUE,2.18239061214268,10021.4165007446,Red,2021-01
Denmark,DK,DK03,Syddanmark,1620,3532,1223348,288.715884605198,14014,5806081,9755.35821839206,2.47420569063778,TRUE,1.42987016425854,9261.22411611414,Red,2021-01
Denmark,DK,DK04,Midtjylland,2047,4883,1320678,369.73433342571,14014,5806081,9755.35821839206,2.47420569063778,TRUE,1.72120947127674,9005.07163744683,Red,2021-01
Denmark,DK,DK05,Nordjylland,954,2186,589755,370.662393705861,14014,5806081,9755.35821839206,2.47420569063778,TRUE,1.52493606138107,10607.7947622318,Red,2021-01
Denmark,DK,FO,Faroe Islands,20,64,48497,131.966925789224,14014,5806081,9755.35821839206,2.47420569063778,FALSE,2.47420569063778,9755.35821839206,Orange,2021-01
Denmark,DK,GL,Greenland,2,3,56025,5.35475234270415,14014,5806081,9755.35821839206,2.47420569063778,FALSE,2.47420569063778,9755.35821839206,Green,2021-01
Estonia,EE,EE00,Eesti,4084,8133,1326819,612.969817284799,4284,1324820,2605.5615102429,12.4105565051131,FALSE,12.4105565051131,2605.5615102429,Red,2021-01
Finland,FI,FI19,Lansi-Suomi,205,429,1379749,31.0926117721412,1671,5517919,1249.56527995427,2.42349528643945,FALSE,2.42349528643945,1249.56527995427,Orange,2021-01
Finland,FI,FI1B,Helsinki-Uusimaa,956,1901,1671024,113.762579113167,1671,5517919,1249.56527995427,2.42349528643945,FALSE,2.42349528643945,1249.56527995427,Orange,2021-01
Finland,FI,FI1C,Etela-Suomi,363,751,1152719,65.1503098326652,1671,5517919,1249.56527995427,2.42349528643945,FALSE,2.42349528643945,1249.56527995427,Orange,2021-01
Finland,FI,FI1D,Pohjois- Ja Ita-Suomi,262,494,1284638,38.4544128384806,1671,5517919,1249.56527995427,2.42349528643945,FALSE,2.42349528643945,1249.56527995427,Orange,2021-01
Finland,FI,FI2,Aland,0,9,29789,30.2124945449663,1671,5517919,1249.56527995427,2.42349528643945,FALSE,2.42349528643945,1249.56527995427,Orange,2021-01
France,FR,FR1,Ile-De-France,23173,39348,12174880,323.190043762238,128203,67012883,2966.0923557042,6.44993318790299,TRUE,6.23297048531259,3053.67280827409,Red,2021-01
France,FR,FRB,Centre - Val De Loire,4591,7724,2576252,299.81539073041,128203,67012883,2966.0923557042,6.44993318790299,TRUE,7.14141272730101,2495.36924182883,Red,2021-01
France,FR,FRC,Bourgogne-Franche-Comte,8250,14887,2811423,529.518325773105,128203,67012883,2966.0923557042,6.44993318790299,TRUE,8.96544229515323,3273.07559196891,Red,2021-01
France,FR,FRD,Normandie,5524,9283,3330478,278.728759055007,128203,67012883,2966.0923557042,6.44993318790299,TRUE,6.06846245111394,2733.1812430528,Red,2021-01
France,FR,FRE,Nord-Pas De Calais-Picardie,10944,18597,6003815,309.753048686544,128203,67012883,2966.0923557042,6.44993318790299,TRUE,6.48583298268904,2810.496326086,Red,2021-01
France,FR,FRF,Alsace-Champagne-Ardenne-Lorraine,13902,25487,5549586,459.259483500211,128203,67012883,2966.0923557042,6.44993318790299,TRUE,7.192041262927,3483.08864841449,Red,2021-01
France,FR,FRG,Pays De La Loire,4790,8318,3757600,221.364700872898,128203,67012883,2966.0923557042,6.44993318790299,TRUE,4.79258799751866,2659.83606557377,Red,2021-01
France,FR,FRH,Bretagne,2821,4679,3318904,140.980275416222,128203,67012883,2966.0923557042,6.44993318790299,TRUE,3.53296262899509,2405.85446279856,Orange,2021-01
France,FR,FRI,Aquitaine-Limousin-Poitou-Charentes,8335,13617,5956978,228.589059754795,128203,67012883,2966.0923557042,6.44993318790299,TRUE,5.25406741091409,2663.0784938269,Red,2021-01
France,FR,FRJ,Languedoc-Roussillon-Midi-Pyrenees,10074,16579,5845102,283.639190556469,128203,67012883,2966.0923557042,6.44993318790299,TRUE,5.82130433275163,2960.66689683089,Red,2021-01
France,FR,FRK,Auvergne-Rhone-Alpes,18278,31769,7948287,399.696186109032,128203,67012883,2966.0923557042,6.44993318790299,TRUE,8.3956492182189,2739.05559776591,Red,2021-01
France,FR,FRL,Provence-Alpes-Cote D’azur,16533,27750,5030890,551.592262999191,128203,67012883,2966.0923557042,6.44993318790299,TRUE,7.75396304286652,4238.21629970045,Red,2021-01
France,FR,FRM,Corse,280,508,334938,151.669861287761,128203,67012883,2966.0923557042,6.44993318790299,TRUE,1.8235102572452,4584.43055132592,Red,2021-01
France,FR,FRY1,Guadeloupe,131,216,390253,55.3487096832055,128203,67012883,2966.0923557042,6.44993318790299,TRUE,3.01773784842202,1112.35531821664,Orange,2021-01
France,FR,FRY2,Martinique,87,166,372594,44.5525156067999,128203,67012883,2966.0923557042,6.44993318790299,TRUE,1.71259842519685,1363.41433302737,Orange,2021-01
France,FR,FRY3,Guyane,848,1360,268700,506.140677335318,128203,67012883,2966.0923557042,6.44993318790299,TRUE,10.7764646079553,2928.54484555266,Red,2021-01
France,FR,FRY4,La Reunion,286,472,853659,55.2913985560979,128203,67012883,2966.0923557042,6.44993318790299,TRUE,2.0620043258832,1624.77054655313,Orange,2021-01
France,FR,FRY5,Mayotte,230,373,250143,149.114706387946,128203,67012883,2966.0923557042,6.44993318790299,TRUE,10.2678571428571,895.487780989274,Red,2021-01
Germany,DE,DE1,Baden-Wurttemberg,16069,30823,11069533,278.448964378172,145511,83019213,1458.11428012453,12.0205862793935,FALSE,12.0205862793935,1458.11428012453,Red,2021-01
Germany,DE,DE2,Bayern,21709,43870,13076721,335.481654766512,145511,83019213,1458.11428012453,12.0205862793935,FALSE,12.0205862793935,1458.11428012453,Red,2021-01
Germany,DE,DE3,Berlin,7701,12784,3644826,350.743766643456,145511,83019213,1458.11428012453,12.0205862793935,FALSE,12.0205862793935,1458.11428012453,Red,2021-01
Germany,DE,DE4,Brandenburg,8358,13701,2511917,545.439996624092,145511,83019213,1458.11428012453,12.0205862793935,FALSE,12.0205862793935,1458.11428012453,Red,2021-01
Germany,DE,DE5,Bremen,580,1124,682986,164.571455344619,145511,83019213,1458.11428012453,12.0205862793935,FALSE,12.0205862793935,1458.11428012453,Red,2021-01
Germany,DE,DE6,Hamburg,3081,5476,1841179,297.418121757852,145511,83019213,1458.11428012453,12.0205862793935,FALSE,12.0205862793935,1458.11428012453,Red,2021-01
Germany,DE,DE7,Hessen,10281,19089,6265809,304.653397510202,145511,83019213,1458.11428012453,12.0205862793935,FALSE,12.0205862793935,1458.11428012453,Red,2021-01
Germany,DE,DE8,Mecklenburg-Vorpommern,2144,3714,1609675,230.729805706121,145511,83019213,1458.11428012453,12.0205862793935,FALSE,12.0205862793935,1458.11428012453,Red,2021-01
Germany,DE,DE9,Niedersachsen,9650,17353,7982448,217.389452458694,145511,83019213,1458.11428012453,12.0205862793935,FALSE,12.0205862793935,1458.11428012453,Red,2021-01
Germany,DE,DEA,Nordrhein-Westfalen,27319,48799,17932651,272.123736752586,145511,83019213,1458.11428012453,12.0205862793935,FALSE,12.0205862793935,1458.11428012453,Red,2021-01
Germany,DE,DEB,Rheinland-Pfalz,6077,11015,4084844,269.655340571145,145511,83019213,1458.11428012453,12.0205862793935,FALSE,12.0205862793935,1458.11428012453,Red,2021-01
Germany,DE,DEC,Saarland,1870,2801,990509,282.783902014015,145511,83019213,1458.11428012453,12.0205862793935,FALSE,12.0205862793935,1458.11428012453,Red,2021-01
Germany,DE,DED,Sachsen,15675,30256,4077937,741.943781868136,145511,83019213,1458.11428012453,12.0205862793935,FALSE,12.0205862793935,1458.11428012453,Red,2021-01
Germany,DE,DEE,Sachsen-Anhalt,5840,10566,2208321,478.463049529484,145511,83019213,1458.11428012453,12.0205862793935,FALSE,12.0205862793935,1458.11428012453,Red,2021-01
Germany,DE,DEF,Schleswig-Holstein,2859,5061,2896712,174.715332418273,145511,83019213,1458.11428012453,12.0205862793935,FALSE,12.0205862793935,1458.11428012453,Red,2021-01
Germany,DE,DEG,Thuringen,7203,12668,2143145,591.093929715442,145511,83019213,1458.11428012453,12.0205862793935,FALSE,12.0205862793935,1458.11428012453,Red,2021-01
Greece,EL,EL30,Attiki,1807,3521,3742235,94.0881585469646,4639,10724599,1683.02796216437,2.57011158018371,FALSE,2.57011158018371,1683.02796216437,Orange,2021-01
Greece,EL,EL41,Voreio Aigaio,79,146,221098,66.0340663416223,4639,10724599,1683.02796216437,2.57011158018371,FALSE,2.57011158018371,1683.02796216437,Orange,2021-01
Greece,EL,EL42,Notio Aigaio,36,92,344027,26.7420871036285,4639,10724599,1683.02796216437,2.57011158018371,FALSE,2.57011158018371,1683.02796216437,Orange,2021-01
Greece,EL,EL43,Kriti,122,154,634930,24.2546422440269,4639,10724599,1683.02796216437,2.57011158018371,FALSE,2.57011158018371,1683.02796216437,Green,2021-01
Greece,EL,EL51,"Anatoliki Makedonia, Thraki",334,807,599723,134.562122846714,4639,10724599,1683.02796216437,2.57011158018371,FALSE,2.57011158018371,1683.02796216437,Orange,2021-01
Greece,EL,EL52,Kentriki Makedonia,997,2151,1873777,114.794876871688,4639,10724599,1683.02796216437,2.57011158018371,FALSE,2.57011158018371,1683.02796216437,Orange,2021-01
Greece,EL,EL53,Dytiki Makedonia,160,395,267008,147.935642377756,4639,10724599,1683.02796216437,2.57011158018371,FALSE,2.57011158018371,1683.02796216437,Orange,2021-01
Greece,EL,EL54,Ipeiros,27,66,333696,19.7784810126582,4639,10724599,1683.02796216437,2.57011158018371,FALSE,2.57011158018371,1683.02796216437,Green,2021-01
Greece,EL,EL61,Thessalia,369,694,718640,96.5713013469887,4639,10724599,1683.02796216437,2.57011158018371,FALSE,2.57011158018371,1683.02796216437,Orange,2021-01
Greece,EL,EL62,Ionia Nisia,15,34,203869,16.6773761582193,4639,10724599,1683.02796216437,2.57011158018371,FALSE,2.57011158018371,1683.02796216437,Green,2021-01
Greece,EL,EL63,Dytiki Ellada,168,304,655189,46.3988253771049,4639,10724599,1683.02796216437,2.57011158018371,FALSE,2.57011158018371,1683.02796216437,Orange,2021-01
Greece,EL,EL64,Sterea Ellada,251,403,555960,72.4872292970717,4639,10724599,1683.02796216437,2.57011158018371,FALSE,2.57011158018371,1683.02796216437,Orange,2021-01
Greece,EL,EL65,Peloponnisos,156,292,574447,50.8314953337732,4639,10724599,1683.02796216437,2.57011158018371,FALSE,2.57011158018371,1683.02796216437,Orange,2021-01
Hungary,HU,HU11,Budapest,2034,3688,1752286,210.467925897941,14805,9772756,1342.67140200779,11.2829228142909,FALSE,11.2829228142909,1342.67140200779,Red,2021-01
Hungary,HU,HU12,Pest,1734,3083,1278874,241.071442534605,14805,9772756,1342.67140200779,11.2829228142909,FALSE,11.2829228142909,1342.67140200779,Red,2021-01
Hungary,HU,HU21,Kozep-Dunantul,2145,3635,1058236,343.496157756871,14805,9772756,1342.67140200779,11.2829228142909,FALSE,11.2829228142909,1342.67140200779,Red,2021-01
Hungary,HU,HU22,Nyugat-Dunantul,1430,2625,989343,265.327596192625,14805,9772756,1342.67140200779,11.2829228142909,FALSE,11.2829228142909,1342.67140200779,Red,2021-01
Hungary,HU,HU23,Del-Dunantul,2300,3976,879596,452.025702708971,14805,9772756,1342.67140200779,11.2829228142909,FALSE,11.2829228142909,1342.67140200779,Red,2021-01
Hungary,HU,HU31,Eszak-Magyarorszag,1325,2486,1126360,220.710962747257,14805,9772756,1342.67140200779,11.2829228142909,FALSE,11.2829228142909,1342.67140200779,Red,2021-01
Hungary,HU,HU32,Eszak-Alfold,1837,3701,1450960,255.072503721674,14805,9772756,1342.67140200779,11.2829228142909,FALSE,11.2829228142909,1342.67140200779,Red,2021-01
Hungary,HU,HU33,Del-Alfold,1826,3587,1237101,289.952073436203,14805,9772756,1342.67140200779,11.2829228142909,FALSE,11.2829228142909,1342.67140200779,Red,2021-01
Iceland,IS,IS,Island,101,186,356991,52.102153835811,144,356991,3117.44553784269,1.29391679396172,FALSE,1.29391679396172,3117.44553784269,Orange,2021-01
Ireland,IE,IE04,Northern And Western,6000,9782,867947,1127.02734153122,45726,4904240,3544.78981452784,26.3027409473957,FALSE,26.3027409473957,3544.78981452784,Red,2021-01
Ireland,IE,IE05,Southern,16193,21314,1624381,1312.13059005246,45726,4904240,3544.78981452784,26.3027409473957,FALSE,26.3027409473957,3544.78981452784,Red,2021-01
Ireland,IE,IE06,Eastern And Midland,23530,30385,2411912,1259.78891435508,45726,4904240,3544.78981452784,26.3027409473957,FALSE,26.3027409473957,3544.78981452784,Red,2021-01
Italy,IT,ITC1,Piemonte,7065,12996,4356406,298.319302654528,121045,60359546,1598.94178130498,12.5420416655442,TRUE,15.5438704567456,1043.33709943472,Red,2021-01
Italy,IT,ITC2,Valle D'aosta/vallee D'aoste,173,290,125666,230.770455015676,121045,60359546,1598.94178130498,12.5420416655442,TRUE,11.2556929082628,1223.08341158309,Red,2021-01
Italy,IT,ITC3,Liguria,2491,4723,1550640,304.583913738843,121045,60359546,1598.94178130498,12.5420416655442,TRUE,10.0524616626312,1598.04983748646,Red,2021-01
Italy,IT,ITC4,Lombardia,16313,29718,10060574,295.390700371569,121045,60359546,1598.94178130498,12.5420416655442,TRUE,11.8195584601897,1371.86009466259,Red,2021-01
Italy,IT,ITF1,Abruzzo,1799,3340,1311580,254.65469128837,121045,60359546,1598.94178130498,12.5420416655442,TRUE,8.88614472709311,1543.55815123744,Red,2021-01
Italy,IT,ITF2,Molise,360,726,305617,237.552230406031,121045,60359546,1598.94178130498,12.5420416655442,TRUE,7.46578183326421,1577.7918113194,Red,2021-01
Italy,IT,ITF3,Campania,7627,14228,5801692,245.238802749267,121045,60359546,1598.94178130498,12.5420416655442,TRUE,9.26461299256596,1418.96536389729,Red,2021-01
Italy,IT,ITF4,Puglia,7951,15151,4029053,376.043700591678,121045,60359546,1598.94178130498,12.5420416655442,TRUE,13.700589309715,1440.38810112451,Red,2021-01
Italy,IT,ITF5,Basilicata,815,1460,562869,259.385398733986,121045,60359546,1598.94178130498,12.5420416655442,TRUE,10.6438552958078,1360.35205349735,Red,2021-01
Italy,IT,ITF6,Calabria,2393,4298,1947131,220.7350198831,121045,60359546,1598.94178130498,12.5420416655442,TRUE,13.7457636854501,894.084681513468,Red,2021-01
Italy,IT,ITG1,Sicilia,11704,19376,4999891,387.528448120169,121045,60359546,1598.94178130498,12.5420416655442,TRUE,17.9445900985849,1304.48843784795,Red,2021-01
Italy,IT,ITG2,Sardegna,1987,3724,1639591,227.129814691591,121045,60359546,1598.94178130498,12.5420416655442,TRUE,10.4381172515234,1161.02125469096,Red,2021-01
Italy,IT,ITH1,Provincia Autonoma Di Bolzano/bozen,1661,2721,531178,512.257661273622,121045,60359546,1598.94178130498,12.5420416655442,TRUE,12.0677128741645,2591.22177499821,Red,2021-01
Italy,IT,ITH2,Provincia Autonoma Di Trento,1237,2561,541098,473.296888918458,121045,60359546,1598.94178130498,12.5420416655442,TRUE,8.83129863639609,2588.62535067585,Red,2021-01
Italy,IT,ITH3,Veneto,20755,44267,4905854,902.330154953653,121045,60359546,1598.94178130498,12.5420416655442,TRUE,17.6512110491223,2396.81001513702,Red,2021-01
Italy,IT,ITH4,Friuli-Venezia Giulia,5012,8740,1215220,719.211336218956,121045,60359546,1598.94178130498,12.5420416655442,TRUE,12.0765264324611,3415.18408189464,Red,2021-01
Italy,IT,ITH5,Emilia-Romagna,13246,25755,4459477,577.534092002268,121045,60359546,1598.94178130498,12.5420416655442,TRUE,14.3814125183215,2065.37672466973,Red,2021-01
Italy,IT,ITI1,Toscana,3247,6365,3729641,170.659857074716,121045,60359546,1598.94178130498,12.5420416655442,TRUE,5.35216839467915,1626.61768250617,Red,2021-01
Italy,IT,ITI2,Umbria,1461,2803,882015,317.795048837038,121045,60359546,1598.94178130498,12.5420416655442,TRUE,7.47085293516056,2217.19585267824,Red,2021-01
Italy,IT,ITI3,Marche,3819,7320,1525271,479.914716794589,121045,60359546,1598.94178130498,12.5420416655442,TRUE,11.0875624201603,2258.2216537258,Red,2021-01
Italy,IT,ITI4,Lazio,11661,22182,5879082,377.303803553004,121045,60359546,1598.94178130498,12.5420416655442,TRUE,13.4113100783218,1478.95538793301,Red,2021-01
Latvia,LV,LV00,Latvija,6821,13074,1919968,680.948849147486,7071,1919968,3950.37833963899,9.32283838303932,TRUE,8.99322310998602,3950.37833963899,Red,2021-01
Liechtenstein,LI,LI0,Liechtenstein,111,320,38378,833.81103757361,,,,,FALSE,,,Grey - no data,2021-01
Lithuania,LT,LT01,Sostines Regionas,4071,9298,810538,1147.13930747232,12459,2794184,3032.54903757233,14.7034873428925,TRUE,14.8842821103433,3374.42538166008,Red,2021-01
Lithuania,LT,LT02,Vidurio Ir Vakaru Lietuvos Regionas,8339,18599,1983646,937.616893336815,12459,2794184,3032.54903757233,14.7034873428925,TRUE,14.5319252753381,2892.85487430721,Red,2021-01
Luxembourg,LU,LU0,Luxembourg,1041,2178,613894,354.78437645587,1065,613894,12510.7917653536,1.38666458341471,FALSE,1.38666458341471,12510.7917653536,Red,2021-01
Malta,MT,MT0,Malta,1141,2103,493559,426.088876912385,1299,493559,4570.07166316489,5.75899982266359,FALSE,5.75899982266359,4570.07166316489,Red,2021-01
Netherlands,NL,NL11,Groningen,1469,3052,583990,522.611688556311,57026,17282163,2319.24672854897,14.2274759490639,FALSE,14.2274759490639,2319.24672854897,Red,2021-01
Netherlands,NL,NL12,Friesland (Nl),1571,3323,647672,513.068343235465,57026,17282163,2319.24672854897,14.2274759490639,FALSE,14.2274759490639,2319.24672854897,Red,2021-01
Netherlands,NL,NL13,Drenthe,1418,3100,492167,629.86750432272,57026,17282163,2319.24672854897,14.2274759490639,FALSE,14.2274759490639,2319.24672854897,Red,2021-01
Netherlands,NL,NL21,Overijssel,4888,10657,1156431,921.542227768021,57026,17282163,2319.24672854897,14.2274759490639,FALSE,14.2274759490639,2319.24672854897,Red,2021-01
Netherlands,NL,NL22,Gelderland,6925,14813,2071972,714.922788531891,57026,17282163,2319.24672854897,14.2274759490639,FALSE,14.2274759490639,2319.24672854897,Red,2021-01
Netherlands,NL,NL23,Flevoland,1225,2904,416546,697.161898085686,57026,17282163,2319.24672854897,14.2274759490639,FALSE,14.2274759490639,2319.24672854897,Red,2021-01
Netherlands,NL,NL31,Utrecht,3341,7423,1306912,567.980093533459,57026,17282163,2319.24672854897,14.2274759490639,FALSE,14.2274759490639,2319.24672854897,Red,2021-01
Netherlands,NL,NL32,Noord-Holland,7427,16255,2853359,569.679454986211,57026,17282163,2319.24672854897,14.2274759490639,FALSE,14.2274759490639,2319.24672854897,Red,2021-01
Netherlands,NL,NL33,Zuid-Holland,9227,20071,3709139,541.122885931209,57026,17282163,2319.24672854897,14.2274759490639,FALSE,14.2274759490639,2319.24672854897,Red,2021-01
Netherlands,NL,NL34,Zeeland,1061,2020,383032,527.371081267362,57026,17282163,2319.24672854897,14.2274759490639,FALSE,14.2274759490639,2319.24672854897,Red,2021-01
Netherlands,NL,NL41,Noord-Brabant,7551,15478,2544806,608.219251290668,57026,17282163,2319.24672854897,14.2274759490639,FALSE,14.2274759490639,2319.24672854897,Red,2021-01
Netherlands,NL,NL42,Limburg (Nl),4338,8629,1116137,773.112978066313,57026,17282163,2319.24672854897,14.2274759490639,FALSE,14.2274759490639,2319.24672854897,Red,2021-01
Norway,NO,NOCSR03,Oslo,1007,1781,681071,261.499902359666,4758,5328212,4006.42842289308,2.22887417963096,TRUE,3.30348062854706,4475.74481955626,Red,2021-01
Norway,NO,NOCSR11,Rogaland,523,939,475654,197.412404815265,4758,5328212,4006.42842289308,2.22887417963096,TRUE,2.54229049193078,4324.99253659173,Red,2021-01
Norway,NO,NOCSR15,Møre og Romsdal,114,214,264970,80.7638600596294,4758,5328212,4006.42842289308,2.22887417963096,TRUE,1.44596651445967,2975.4311808884,Orange,2021-01
Norway,NO,NOCSR18,Nordland,102,157,242126,64.8422722053807,4758,5328212,4006.42842289308,2.22887417963096,TRUE,1.69098143236074,2491.26487861692,Orange,2021-01
Norway,NO,NOCSR30,Viken,1365,2493,1227305,203.127991819474,4758,5328212,4006.42842289308,2.22887417963096,TRUE,3.09608056614045,3592.2610923935,Red,2021-01
Norway,NO,NOCSR34,Innlandet,169,347,371054,93.5173856096417,4758,5328212,4006.42842289308,2.22887417963096,TRUE,1.66338582677165,2738.14593024196,Orange,2021-01
Norway,NO,NOCSR38,Vestfold og Telemark,300,537,417711,128.557782773257,4758,5328212,4006.42842289308,2.22887417963096,TRUE,2.18340611353712,3289.35555922635,Orange,2021-01
Norway,NO,NOCSR42,Agder,113,145,305244,47.5029812215801,4758,5328212,4006.42842289308,2.22887417963096,TRUE,1.37553256238588,2691.2895912778,Orange,2021-01
Norway,NO,NOCSR46,Vestland,213,316,633117,49.9117856573114,4758,5328212,4006.42842289308,2.22887417963096,TRUE,1.07930073473524,3117.11737325013,Orange,2021-01
Norway,NO,NOCSR50,Trøndelag,437,995,465634,213.68714483908,4758,5328212,4006.42842289308,2.22887417963096,TRUE,2.10116357342052,4466.59822951073,Red,2021-01
Norway,NO,NOCSR54,Troms og Finnmark,113,149,244326,60.9840950205873,4758,5328212,4006.42842289308,2.22887417963096,TRUE,1.69924812030075,2721.77336836849,Orange,2021-01
Poland,PL,PL21,Malopolskie,2671,4931,3360545,146.732152076523,67438,37972812,883.276698075455,20.1064384848169,TRUE,13.5542474373287,586.392980900419,Red,2021-01
Poland,PL,PL22,Slaskie,5364,10425,4488998,232.234454103121,67438,37972812,883.276698075455,20.1064384848169,TRUE,17.8514376996805,669.369868286865,Red,2021-01
Poland,PL,PL41,Wielkopolskie,7473,14118,3473172,406.487211114221,67438,37972812,883.276698075455,20.1064384848169,TRUE,24.139936040314,891.317792496312,Red,2021-01
Poland,PL,PL42,Zachodniopomorskie,5822,10903,1675502,650.73034827771,67438,37972812,883.276698075455,20.1064384848169,TRUE,29.8978072202537,1162.21884545647,Red,2021-01
Poland,PL,PL43,Lubuskie,1838,3605,1003310,359.310681643759,67438,37972812,883.276698075455,20.1064384848169,TRUE,20.1490901118176,909.190579182905,Red,2021-01
Poland,PL,PL51,Dolnoslaskie,3456,6734,2865072,235.037723310269,67438,37972812,883.276698075455,20.1064384848169,TRUE,16.0744186046512,750.417441516304,Red,2021-01
Poland,PL,PL52,Opolskie,1256,2476,946038,261.723102031842,67438,37972812,883.276698075455,20.1064384848169,TRUE,17.1842933369818,772.590530190119,Red,2021-01
Poland,PL,PL61,Kujawsko-Pomorskie,6635,12640,2055433,614.955583568037,67438,37972812,883.276698075455,20.1064384848169,TRUE,25.565445227912,1262.65365983712,Red,2021-01
Poland,PL,PL62,Warminsko-Mazurskie,4542,9071,1404441,645.879748597485,67438,37972812,883.276698075455,20.1064384848169,TRUE,32.9703832752613,980.888481609409,Red,2021-01
Poland,PL,PL63,Pomorskie,6295,12407,2305077,538.246661608267,67438,37972812,883.276698075455,20.1064384848169,TRUE,22.9811623831776,1188.33340491446,Red,2021-01
Poland,PL,PL71,Lodzkie,4319,8407,2453167,342.699865113137,67438,37972812,883.276698075455,20.1064384848169,TRUE,18.3615338831732,958.842182370788,Red,2021-01
Poland,PL,PL72,Swietokrzyskie,1024,1938,1226243,158.043715642006,67438,37972812,883.276698075455,20.1064384848169,TRUE,11.8876247968423,702.470880567718,Red,2021-01
Poland,PL,PL81,Lubelskie,3012,5714,2097294,272.44630461919,67438,37972812,883.276698075455,20.1064384848169,TRUE,20.4647370566653,701.761412563046,Red,2021-01
Poland,PL,PL82,Podkarpackie,2684,4063,2086135,194.762083949505,67438,37972812,883.276698075455,20.1064384848169,TRUE,17.349709114415,741.562746418616,Red,2021-01
Poland,PL,PL84,Podlaskie,1887,3605,1152074,312.913927403969,67438,37972812,883.276698075455,20.1064384848169,TRUE,24.2078255291854,676.605843027444,Red,2021-01
Poland,PL,PL92X,Mazowiecki regionalny,8742,17246,5380311,320.539091513483,67438,37972812,883.276698075455,20.1064384848169,TRUE,19.4794776950845,834.115351324487,Red,2021-01
Portugal,PT,PTCSR01,Alentejo,3230,4950,466690,1060.66125265165,57670,10276617,3391.27166070313,16.5476832669551,FALSE,16.5476832669551,3391.27166070313,Red,2021-01
Portugal,PT,PTCSR02,Algarve,2092,3259,438406,743.374862570312,57670,10276617,3391.27166070313,16.5476832669551,FALSE,16.5476832669551,3391.27166070313,Red,2021-01
Portugal,PT,PTCSR03,Regiao Autonoma dos Acores,537,833,242796,343.086377040808,57670,10276617,3391.27166070313,16.5476832669551,TRUE,5.20904064409739,4245.95133362988,Red,2021-01
Portugal,PT,PTCSR04,Centro,11028,17304,1650394,1048.47690915018,57670,10276617,3391.27166070313,16.5476832669551,FALSE,16.5476832669551,3391.27166070313,Red,2021-01
Portugal,PT,PTCSR05,Area Metropolitana de Lisboa,20596,32707,3674534,890.099261566229,57670,10276617,3391.27166070313,16.5476832669551,FALSE,16.5476832669551,3391.27166070313,Red,2021-01
Portugal,PT,PTCSR06,Regiao Autonoma da Madeira,387,665,254254,261.549474147899,57670,10276617,3391.27166070313,16.5476832669551,TRUE,3.78299120234604,4023.53551959851,Red,2021-01
Portugal,PT,PTCSR07,Norte,19800,32909,3568835,922.121644738409,57670,10276617,3391.27166070313,16.5476832669551,FALSE,16.5476832669551,3391.27166070313,Red,2021-01
Romania,RO,RO11,Nord-Vest,4003,7334,2552112,287.369833298852,32842,19414458,628.577939183262,26.9119514893268,FALSE,26.9119514893268,628.577939183262,Red,2021-01
Romania,RO,RO12,Centru,2689,4926,2318272,212.485851530795,32842,19414458,628.577939183262,26.9119514893268,FALSE,26.9119514893268,628.577939183262,Red,2021-01
Romania,RO,RO21,Nord-Est,4179,7583,3198564,237.075137467939,32842,19414458,628.577939183262,26.9119514893268,FALSE,26.9119514893268,628.577939183262,Red,2021-01
Romania,RO,RO22,Sud-Est,3253,6053,2396171,252.611353697211,32842,19414458,628.577939183262,26.9119514893268,FALSE,26.9119514893268,628.577939183262,Red,2021-01
Romania,RO,RO31,Sud - Muntenia,3152,5950,2929832,203.083316722597,32842,19414458,628.577939183262,26.9119514893268,FALSE,26.9119514893268,628.577939183262,Red,2021-01
Romania,RO,RO32,Bucuresti - Ilfov,6929,13520,2315173,583.973638255111,32842,19414458,628.577939183262,26.9119514893268,FALSE,26.9119514893268,628.577939183262,Red,2021-01
Romania,RO,RO41,Sud-Vest Oltenia,1790,3259,1926860,169.135277082922,32842,19414458,628.577939183262,26.9119514893268,FALSE,26.9119514893268,628.577939183262,Red,2021-01
Romania,RO,RO42,Vest,3250,5703,1777474,320.848575000253,32842,19414458,628.577939183262,26.9119514893268,FALSE,26.9119514893268,628.577939183262,Red,2021-01
Slovakia,SK,SK01,Bratislavsky Kraj,2983,5959,659598,903.42905830521,20970,5450421,1511.31444708583,25.4573707404125,FALSE,25.4573707404125,1511.31444708583,Red,2021-01
Slovakia,SK,SK02,Zapadne Slovensko,8080,16456,1826145,901.133261597518,20970,5450421,1511.31444708583,25.4573707404125,FALSE,25.4573707404125,1511.31444708583,Red,2021-01
Slovakia,SK,SK03,Stredne Slovensko,4016,8417,1339242,628.489847241947,20970,5450421,1511.31444708583,25.4573707404125,FALSE,25.4573707404125,1511.31444708583,Red,2021-01
Slovakia,SK,SK04,Vychodne Slovensko,5312,10460,1625436,643.519646421022,20970,5450421,1511.31444708583,25.4573707404125,FALSE,25.4573707404125,1511.31444708583,Red,2021-01
Slovenia,SI,SI03,Vzhodna Slovenija,7739,14541,1094435,1328.63075468164,13855,2080908,4763.25719349438,13.9781474792926,FALSE,13.9781474792926,4763.25719349438,Red,2021-01
Slovenia,SI,SI04,Zahodna Slovenija,5375,9576,986473,970.731079309824,13855,2080908,4763.25719349438,13.9781474792926,FALSE,13.9781474792926,4763.25719349438,Red,2021-01
Spain,ES,ES11,Galicia,4999,8066,2700441,298.691954388191,152938,46937060,2106.53585887143,15.4678754705455,TRUE,8.55568296565062,2163.68363537659,Red,2021-01
Spain,ES,ES12,Principado De Asturias,1178,1899,1022205,185.77486903312,152938,46937060,2106.53585887143,15.4678754705455,TRUE,5.3334540680038,2160.72118606346,Red,2021-01
Spain,ES,ES13,Cantabria,960,1624,581641,279.210028178894,152938,46937060,2106.53585887143,15.4678754705455,TRUE,8.22269807280514,2007.25189592893,Red,2021-01
Spain,ES,ES21,Pais Vasco,3850,6579,2177880,302.082759380682,152938,46937060,2106.53585887143,15.4678754705455,TRUE,7.38198412394064,2394.71412566349,Red,2021-01
Spain,ES,ES22,Comunidad Foral De Navarra,1097,1902,649946,292.639696220917,152938,46937060,2106.53585887143,15.4678754705455,TRUE,6.64325077211894,2540.6726097245,Red,2021-01
Spain,ES,ES23,La Rioja,1087,1771,313571,564.784371003696,152938,46937060,2106.53585887143,15.4678754705455,TRUE,16.7050868295682,2075.12812090404,Red,2021-01
Spain,ES,ES24,Aragon,3154,5281,1320586,399.898226999226,152938,46937060,2106.53585887143,15.4678754705455,TRUE,16.9579009624173,1408.3899117513,Red,2021-01
Spain,ES,ES30,Comunidad De Madrid,25563,40683,6641649,612.543661973103,152938,46937060,2106.53585887143,15.4678754705455,TRUE,18.3231549974196,2100.56267652807,Red,2021-01
Spain,ES,ES41,Castilla Y Leon,7763,10748,2407733,446.395011406996,152938,46937060,2106.53585887143,15.4678754705455,TRUE,15.0629644721268,2140.47820086363,Red,2021-01
Spain,ES,ES42,Castilla-La Mancha,7595,12418,2034877,610.258015595046,152938,46937060,2106.53585887143,15.4678754705455,TRUE,23.6663342889194,1577.09778035724,Red,2021-01
Spain,ES,ES43,Extremadura,6825,11079,1065424,1039.86769586568,152938,46937060,2106.53585887143,15.4678754705455,TRUE,17.849203650914,3588.89981828831,Red,2021-01
Spain,ES,ES51,Cataluna,39681,53909,7566431,712.475934823168,152938,46937060,2106.53585887143,15.4678754705455,TRUE,18.2365917551358,2875.72833215554,Red,2021-01
Spain,ES,ES52,Comunidad Valenciana,22269,34512,4974969,693.712865346498,152938,46937060,2106.53585887143,15.4678754705455,TRUE,19.4671002596313,2299.37111165919,Red,2021-01
Spain,ES,ES53,Illes Balears,3841,7252,1188220,610.324687347461,152938,46937060,2106.53585887143,15.4678754705455,TRUE,10.90356828569,2964.68667418492,Red,2021-01
Spain,ES,ES61,Andalucia,18651,25982,8427405,308.303683043594,152938,46937060,2106.53585887143,15.4678754705455,TRUE,17.8112018335482,1242.55331267454,Red,2021-01
Spain,ES,ES62,Region De Murcia,2305,4705,1487663,316.267864428974,152938,46937060,2106.53585887143,15.4678754705455,TRUE,6.2295613632064,2487.18963905132,Red,2021-01
Spain,ES,ES63,Ciudad Autonoma De Ceuta,172,286,84829,337.148852397176,152938,46937060,2106.53585887143,15.4678754705455,TRUE,8.02238805970149,2527.43755083757,Red,2021-01
Spain,ES,ES64,Ciudad Autonoma De Melilla,210,364,84689,429.807885321588,152938,46937060,2106.53585887143,15.4678754705455,TRUE,21.021021021021,1179.61010284689,Red,2021-01
Spain,ES,ES70,Canarias,1738,3309,2206901,149.938760279686,152938,46937060,2106.53585887143,15.4678754705455,TRUE,5.92466337139935,1329.23950825162,Red,2021-01
Sweden,SE,SE11,Stockholm,5221,11653,2344124,497.115340314762,39485,10230185,1964.8813780005,19.6432036057728,FALSE,19.6432036057728,1964.8813780005,Red,2021-01
Sweden,SE,SE12,Ostra Mellansverige,5026,10854,1708813,635.177752041914,39485,10230185,1964.8813780005,19.6432036057728,FALSE,19.6432036057728,1964.8813780005,Red,2021-01
Sweden,SE,SE21,Smaland Med Oarna,3522,7119,864630,823.357968148225,39485,10230185,1964.8813780005,19.6432036057728,FALSE,19.6432036057728,1964.8813780005,Red,2021-01
Sweden,SE,SE22,Sydsverige,10247,20676,1521848,1358.61137248924,39485,10230185,1964.8813780005,19.6432036057728,FALSE,19.6432036057728,1964.8813780005,Red,2021-01
Sweden,SE,SE23,Vastsverige,8648,18006,2039166,883.008053292375,39485,10230185,1964.8813780005,19.6432036057728,FALSE,19.6432036057728,1964.8813780005,Red,2021-01
Sweden,SE,SE31,Norra Mellansverige,2181,5198,855220,607.796824208976,39485,10230185,1964.8813780005,19.6432036057728,FALSE,19.6432036057728,1964.8813780005,Red,2021-01
Sweden,SE,SE32,Mellersta Norrland,1142,2476,375733,658.978583196046,39485,10230185,1964.8813780005,19.6432036057728,FALSE,19.6432036057728,1964.8813780005,Red,2021-01
Sweden,SE,SE33,Ovre Norrland,1131,2351,520651,451.550078651534,39485,10230185,1964.8813780005,19.6432036057728,FALSE,19.6432036057728,1964.8813780005,Red,2021-01
