{
    "$schema": "https://schema.management.azure.com/schemas/2015-01-01/deploymentParameters.json#",
    "contentVersion": "1.0.0.0",
    "parameters": {
        "location": {
            "value": "westeurope"
        },
        "workspaceName": {
            "value": "capstone"
        },
        "resourceGroupName": {
            "value": "ML"
        },
        "sku": {
            "value": "Basic"
        },
        "tagValues": {
            "value": {}
        },
        "keyVaultName": {
            "value": "capstone2618709567"
        },
        "storageAccountName": {
            "value": "capstone1052752785"
        },
        "applicationInsightsName": {
            "value": "capstone9090781566"
        },
        "storageAccountOption": {
            "value": "new"
        },
        "keyVaultOption": {
            "value": "new"
        },
        "applicationInsightsOption": {
            "value": "new"
        }
    }
}